{"cameraMode":{"drawMode":0,"name":"Shaded","section":"Shading Mode"},"sceneLighting":false,"audioPlay":false,"sceneViewState":{"showFog":true,"showMaterialUpdate":false,"showSkybox":false,"showFlares":true,"showImageEffects":true,"showParticleSystems":true},"in2DMode":false,"pivot":{"x":-3.768794059753418,"y":-0.07699999213218689,"z":4.409999847412109},"rotation":{"x":0.00014947177260182798,"y":0.882218062877655,"z":-0.0002778481866698712,"w":0.47084107995033266},"size":1.4289417266845704,"orthographic":false}